median,lower90,upper90,region
5.6283372175465125,4.372940185997299,7.08606145601475,TAS
