median,lower90,upper90,region
5.89193239692797,3.934960300001956,7.998724891259745,QLD
