median,lower90,upper90,region
5.8787398251316985,4.26035403535601,7.69846334433633,SA
