median,lower90,upper90,region
5.588531607955901,3.5667205715301424,7.4737396868942945,AUS
