median,lower90,upper90,region
5.62253767772179,4.06193080337281,7.253911133700825,VIC
