median,lower90,upper90,region
4.93275153589521,3.2163839699946664,6.572553227176553,WA
