median,lower90,upper90,region
5.344620855588873,3.306541399010838,7.070745801828437,NSW
